Workbook

Sheet bcn
A1: Año | B1: Parque Ciclomotores | C1: Parque Motocicletas | D1: Parque Turismos | E1: pct_turismos_gasolina | F1: pct_turismos_diesel | G1: pct_turismos_otros | H1: turismos_gasolina | I1: turismos_diesel | J1: turismos_otros | K1: Parque Furgonetas | L1: pct_furgonetas_gasolina | M1: pct_furgonetas_diesel | N1: pct_furgonetas_otros | O1: furgonetas_gasolina | P1: furgonetas_diesel | Q1: furgonetas_otros | R1: Parque Camiones | S1: pct_camiones_gasolina | T1: pct_camiones_diesel | U1: pct_camiones_otros | V1: camiones_gasolina | W1: camiones_diesel | X1: camiones_otros | Y1: Parque Total | Z1: Parque Total | AA1: Parque Total | AC1: gasolina | AD1: diesel | AF1: Gasolina | AG1: Diesel | AH1: Electrificado | AI1: GLP (Gas Licuado del Petroleo) | AJ1: GNL (Gas Natural Licuado) | AK1: Otros Tipos de Propulsión | AM1: Distintivo B | AN1: Distintivo C | AO1: Distintivo ECO | AP1: Distintivo 0 | AQ1: Sin Distintivo | AR1: Total Campañas | AS1: total distintivos
A2: 2016 | B2: 53067 | C2: 236755 | D2: 564613 | E2: =VLOOKUP(A2,'% bcn'!A:B,2,FALSE) -> 42.927945 | F2: =VLOOKUP(A2,'% bcn'!A:D,3,FALSE) -> 56.99506 | G2: =VLOOKUP(A2,'% bcn'!A:D,4,FALSE) -> 0.076994933 | H2: =+D2*E2/100 -> 242376.76 | I2: =+D2*F2/100 -> 321801.52 | J2: =+D2*G2/100 -> 434.7234 | K2: 56441 | L2: =VLOOKUP(A2,'% bcn'!A:J,5,FALSE) -> 10.15391 | M2: =VLOOKUP(A2,'% bcn'!A:J,6,FALSE) -> 89.726754 | N2: =VLOOKUP(A2,'% bcn'!A:J,7,FALSE) -> 0.11933649 | O2: =+K2*L2/100 -> 5730.9683 | P2: =+K2*M2/100 -> 50642.677 | Q2: =K2*N2/100 -> 67.354706 | R2: 42865 | S2: =VLOOKUP(bcn!A2,'% bcn'!A:J,8,FALSE) -> 10.15391 | T2: =VLOOKUP(bcn!A2,'% bcn'!A:J,9,FALSE) -> 89.726754 | U2: =VLOOKUP(bcn!A2,'% bcn'!A:J,10,FALSE) -> 0.11933649 | V2: =+R2*S2/100 -> 4352.4735 | W2: =+R2*T2/100 -> 38461.373 | X2: =+R2*U2/100 -> 51.153585 | Y2: 973593 | Z2: =+W2+V2+P2+O2+J2+I2+H2+C2+B2+X2+Q2 -> 953741 | AA2: 973593 | AB2: =+AA2-Z2 -> 19852 | AC2: =+V2+O2+H2+E2 -> 252503.13 | AD2: =+W2+P2+I2 -> 410905.57 | AF2: 645630 | AG2: 316279 | AH2: 2387 | AI2: 231 | AJ2: 1 | AK2: 855 | AL2: =+SUM(AF2:AK2) -> 965383 | AM2: 0 | AN2: 0 | AO2: 0 | AP2: 0 | AQ2: 0
A3: 2017 | B3: 51824 | C3: 242229 | D3: 563923 | E3: =VLOOKUP(A3,'% bcn'!A:B,2,FALSE) -> 42.989283 | F3: =VLOOKUP(A3,'% bcn'!A:D,3,FALSE) -> 56.883621 | G3: =VLOOKUP(A3,'% bcn'!A:D,4,FALSE) -> 0.1270957 | H3: =+D3*E3/100 -> 242426.46 | I3: =+D3*F3/100 -> 320779.82 | J3: =+D3*G3/100 -> 716.7219 | K3: 56348 | L3: =VLOOKUP(A3,'% bcn'!A:J,5,FALSE) -> 9.9443677 | M3: =VLOOKUP(A3,'% bcn'!A:J,6,FALSE) -> 89.888569 | N3: =VLOOKUP(A3,'% bcn'!A:J,7,FALSE) -> 0.16706346 | O3: =+K3*L3/100 -> 5603.4523 | P3: =+K3*M3/100 -> 50650.411 | Q3: =K3*N3/100 -> 94.136919 | R3: 42359 | S3: =VLOOKUP(bcn!A3,'% bcn'!A:J,8,FALSE) -> 9.9443677 | T3: =VLOOKUP(bcn!A3,'% bcn'!A:J,9,FALSE) -> 89.888569 | U3: =VLOOKUP(bcn!A3,'% bcn'!A:J,10,FALSE) -> 0.16706346 | V3: =+R3*S3/100 -> 4212.3347 | W3: =+R3*T3/100 -> 38075.899 | X3: =+R3*U3/100 -> 70.766411 | Y3: 976675 | Z3: =+W3+V3+P3+O3+J3+I3+H3+C3+B3 -> 956518.1 | AA3: 976675 | AB3: =+AA3-Z3 -> 20156.903 | AC3: =+V3+O3+H3 -> 252242.24 | AD3: =+W3+P3+I3 -> 409506.13 | AF3: 651250 | AG3: 312136 | AH3: 3742 | AI3: 427 | AJ3: 1 | AK3: 949 | AL3: =+SUM(AF3:AK3) -> 968505 | AM3: 264553 | AN3: 266408 | AO3: 8443 | AP3: 3044 | AQ3: 426058 | AS3: =+SUM(AM3:AQ3) -> 968506
A4: 2018 | B4: 51556 | C4: 247615 | D4: 560791 | E4: =VLOOKUP(A4,'% bcn'!A:B,2,FALSE) -> 43.647022 | F4: =VLOOKUP(A4,'% bcn'!A:D,3,FALSE) -> 56.083141 | G4: =VLOOKUP(A4,'% bcn'!A:D,4,FALSE) -> 0.26983714 | H4: =+D4*E4/100 -> 244768.57 | I4: =+D4*F4/100 -> 314509.21 | J4: =+D4*G4/100 -> 1513.2224 | K4: 56318 | L4: =VLOOKUP(A4,'% bcn'!A:J,5,FALSE) -> 9.8169793 | M4: =VLOOKUP(A4,'% bcn'!A:J,6,FALSE) -> 89.904236 | N4: =VLOOKUP(A4,'% bcn'!A:J,7,FALSE) -> 0.27878434 | O4: =+K4*L4/100 -> 5528.7264 | P4: =+K4*M4/100 -> 50632.268 | Q4: =K4*N4/100 -> 157.00577 | R4: 41470 | S4: =VLOOKUP(bcn!A4,'% bcn'!A:J,8,FALSE) -> 9.8169793 | T4: =VLOOKUP(bcn!A4,'% bcn'!A:J,9,FALSE) -> 89.904236 | U4: =VLOOKUP(bcn!A4,'% bcn'!A:J,10,FALSE) -> 0.27878434 | V4: =+R4*S4/100 -> 4071.1013 | W4: =+R4*T4/100 -> 37283.287 | X4: =+R4*U4/100 -> 115.61187 | Y4: 978143 | Z4: =+W4+V4+P4+O4+J4+I4+H4+C4+B4 -> 957477.38 | AA4: 978143 | AB4: =+AA4-Z4 -> 20665.618 | AC4: =+V4+O4+H4 -> 254368.4 | AD4: =+W4+P4+I4 -> 402424.76 | AF4: 657795 | AG4: 302713 | AH4: 6909 | AI4: 1040 | AJ4: 0 | AK4: 1354 | AL4: =+SUM(AF4:AK4) -> 969811 | AM4: 254551 | AN4: 306681 | AO4: 11866 | AP4: 6213 | AQ4: 390500 | AS4: =+SUM(AM4:AQ4) -> 969811
A5: 2019 | B5: 51951 | C5: 251309 | D5: 553686 | E5: =VLOOKUP(A5,'% bcn'!A:B,2,FALSE) -> 44.543582 | F5: =VLOOKUP(A5,'% bcn'!A:D,3,FALSE) -> 55.012923 | G5: =VLOOKUP(A5,'% bcn'!A:D,4,FALSE) -> 0.44349475 | H5: =+D5*E5/100 -> 246631.58 | I5: =+D5*F5/100 -> 304598.85 | J5: =+D5*G5/100 -> 2455.5684 | K5: 55663 | L5: =VLOOKUP(A5,'% bcn'!A:J,5,FALSE) -> 9.7463045 | M5: =VLOOKUP(A5,'% bcn'!A:J,6,FALSE) -> 89.801002 | N5: =VLOOKUP(A5,'% bcn'!A:J,7,FALSE) -> 0.45269382 | O5: =+K5*L5/100 -> 5425.0854 | P5: =+K5*M5/100 -> 49985.932 | Q5: =K5*N5/100 -> 251.98296 | R5: 40141 | S5: =VLOOKUP(bcn!A5,'% bcn'!A:J,8,FALSE) -> 9.7463045 | T5: =VLOOKUP(bcn!A5,'% bcn'!A:J,9,FALSE) -> 89.801002 | U5: =VLOOKUP(bcn!A5,'% bcn'!A:J,10,FALSE) -> 0.45269382 | V5: =+R5*S5/100 -> 3912.2641 | W5: =+R5*T5/100 -> 36047.02 | X5: =+R5*U5/100 -> 181.71583 | Y5: 973407 | Z5: =+W5+V5+P5+O5+J5+I5+H5+C5+B5 -> 952316.3 | AA5: 973407 | AB5: =+AA5-Z5 -> 21090.699 | AC5: =+V5+O5+H5 -> 255968.93 | AD5: =+W5+P5+I5 -> 390631.81 | AF5: 664172 | AG5: 286481 | AH5: 10767 | AI5: 1817 | AJ5: 0 | AK5: 1758 | AL5: =+SUM(AF5:AK5) -> 964995 | AM5: 243630 | AN5: 343055 | AO5: 16361 | AP5: 10146 | AQ5: 351803 | AS5: =+SUM(AM5:AQ5) -> 964995
A6: 2020 | B6: 54136 | C6: 253170 | D6: 546170 | E6: =VLOOKUP(A6,'% bcn'!A:B,2,FALSE) -> 45.017558 | F6: =VLOOKUP(A6,'% bcn'!A:D,3,FALSE) -> 54.420579 | G6: =VLOOKUP(A6,'% bcn'!A:D,4,FALSE) -> 0.56186258 | H6: =+D6*E6/100 -> 245872.4 | I6: =+D6*F6/100 -> 297228.88 | J6: =+D6*G6/100 -> 3068.7248 | K6: 55584 | L6: =VLOOKUP(A6,'% bcn'!A:J,5,FALSE) -> 9.7087674 | M6: =VLOOKUP(A6,'% bcn'!A:J,6,FALSE) -> 89.739764 | N6: =VLOOKUP(A6,'% bcn'!A:J,7,FALSE) -> 0.55146894 | O6: =+K6*L6/100 -> 5396.5213 | P6: =+K6*M6/100 -> 49880.95 | Q6: =K6*N6/100 -> 306.5285 | R6: 38959 | S6: =VLOOKUP(bcn!A6,'% bcn'!A:J,8,FALSE) -> 9.7087674 | T6: =VLOOKUP(bcn!A6,'% bcn'!A:J,9,FALSE) -> 89.739764 | U6: =VLOOKUP(bcn!A6,'% bcn'!A:J,10,FALSE) -> 0.55146894 | V6: =+R6*S6/100 -> 3782.4387 | W6: =+R6*T6/100 -> 34961.715 | X6: =+R6*U6/100 -> 214.84679 | Y6: 968884 | Z6: =+W6+V6+P6+O6+J6+I6+H6+C6+B6 -> 947497.62 | AA6: 968884 | AB6: =+AA6-Z6 -> 21386.375 | AC6: =+V6+O6+H6 -> 255051.36 | AD6: =+W6+P6+I6 -> 382071.54 | AF6: 666759 | AG6: 272798 | AH6: 16510 | AI6: 2430 | AJ6: 0 | AK6: 1934 | AL6: =+SUM(AF6:AK6) -> 960431 | AM6: 235484 | AN6: 368037 | AO6: 21182 | AP6: 16246 | AQ6: 319482 | AS6: =+SUM(AM6:AQ6) -> 960431
A7: 2021 | B7: 51948 | C7: 253708 | D7: 537218 | E7: =VLOOKUP(A7,'% bcn'!A:B,2,FALSE) -> 45.761021 | F7: =VLOOKUP(A7,'% bcn'!A:D,3,FALSE) -> 53.511878 | G7: =VLOOKUP(A7,'% bcn'!A:D,4,FALSE) -> 0.72710086 | H7: =+D7*E7/100 -> 245836.44 | I7: =+D7*F7/100 -> 287475.44 | J7: =+D7*G7/100 -> 3906.1167 | K7: 54730 | L7: =VLOOKUP(A7,'% bcn'!A:J,5,FALSE) -> 9.6809253 | M7: =VLOOKUP(A7,'% bcn'!A:J,6,FALSE) -> 89.616004 | N7: =VLOOKUP(A7,'% bcn'!A:J,7,FALSE) -> 0.7030708 | O7: =+K7*L7/100 -> 5298.3704 | P7: =+K7*M7/100 -> 49046.839 | Q7: =K7*N7/100 -> 384.79065 | R7: 37173 | S7: =VLOOKUP(bcn!A7,'% bcn'!A:J,8,FALSE) -> 9.6809253 | T7: =VLOOKUP(bcn!A7,'% bcn'!A:J,9,FALSE) -> 89.616004 | U7: =VLOOKUP(bcn!A7,'% bcn'!A:J,10,FALSE) -> 0.7030708 | V7: =+R7*S7/100 -> 3598.6904 | W7: =+R7*T7/100 -> 33312.957 | X7: =+R7*U7/100 -> 261.35251 | Y7: 955741 | Z7: =+W7+V7+P7+O7+J7+I7+H7+C7+B7 -> 934130.86 | AA7: 955741 | AB7: =+AA7-Z7 -> 21610.143 | AC7: =+V7+O7+H7 -> 254733.5 | AD7: =+W7+P7+I7 -> 369835.24 | AF7: 665131 | AG7: 258379 | AH7: 18458 | AI7: 3265 | AJ7: 1 | AK7: 2108 | AL7: =+SUM(AF7:AK7) -> 947342 | AM7: 219349 | AN7: 384860 | AO7: 27355 | AP7: 18919 | AQ7: 296859 | AS7: =+SUM(AM7:AQ7) -> 947342
A8: 2022 | B8: 48934 | C8: 255279 | D8: 530352 | E8: =VLOOKUP(A8,'% bcn'!A:B,2,FALSE) -> 46.588458 | F8: =VLOOKUP(A8,'% bcn'!A:D,3,FALSE) -> 52.515982 | G8: =VLOOKUP(A8,'% bcn'!A:D,4,FALSE) -> 0.89555959 | H8: =+D8*E8/100 -> 247082.82 | I8: =+D8*F8/100 -> 278519.56 | J8: =+D8*G8/100 -> 4749.6182 | K8: 54250 | L8: =VLOOKUP(A8,'% bcn'!A:J,5,FALSE) -> 9.7117911 | M8: =VLOOKUP(A8,'% bcn'!A:J,6,FALSE) -> 89.486604 | N8: =VLOOKUP(A8,'% bcn'!A:J,7,FALSE) -> 0.80160502 | O8: =+K8*L8/100 -> 5268.6466 | P8: =+K8*M8/100 -> 48546.483 | Q8: =K8*N8/100 -> 434.87072 | R8: 36073 | S8: =VLOOKUP(bcn!A8,'% bcn'!A:J,8,FALSE) -> 9.7117911 | T8: =VLOOKUP(bcn!A8,'% bcn'!A:J,9,FALSE) -> 89.486604 | U8: =VLOOKUP(bcn!A8,'% bcn'!A:J,10,FALSE) -> 0.80160502 | V8: =+R8*S8/100 -> 3503.3344 | W8: =+R8*T8/100 -> 32280.503 | X8: =+R8*U8/100 -> 289.16298 | Y8: 945796 | Z8: =+W8+V8+P8+O8+J8+I8+H8+C8+B8 -> 924163.97 | AA8: 945796 | AB8: =+AA8-Z8 -> 21632.034 | AC8: =+V8+O8+H8 -> 255854.8 | AD8: =+W8+P8+I8 -> 359346.55 | AF8: 665458 | AG8: 246531 | AH8: 19607 | AI8: 3633 | AJ8: 2 | AK8: 2229 | AL8: =+SUM(AF8:AK8) -> 937460 | AM8: 202712 | AN8: 396297 | AO8: 34453 | AP8: 20991 | AQ8: 283007 | AS8: =+SUM(AM8:AQ8) -> 937460
A9: 2023 | B9: 45891 | C9: 258126 | D9: 516505 | E9: =VLOOKUP(A9,'% bcn'!A:B,2,FALSE) -> 47.102083 | F9: =VLOOKUP(A9,'% bcn'!A:D,3,FALSE) -> 51.685644 | G9: =VLOOKUP(A9,'% bcn'!A:D,4,FALSE) -> 1.2122724 | H9: =+D9*E9/100 -> 243284.61 | I9: =+D9*F9/100 -> 266958.94 | J9: =+D9*G9/100 -> 6261.4478 | K9: 54676 | L9: =VLOOKUP(A9,'% bcn'!A:J,5,FALSE) -> 9.6417585 | M9: =VLOOKUP(A9,'% bcn'!A:J,6,FALSE) -> 89.411664 | N9: =VLOOKUP(A9,'% bcn'!A:J,7,FALSE) -> 0.94657757 | O9: =+K9*L9/100 -> 5271.7279 | P9: =+K9*M9/100 -> 48886.721 | Q9: =K9*N9/100 -> 517.55075 | R9: 35664 | S9: =VLOOKUP(bcn!A9,'% bcn'!A:J,8,FALSE) -> 9.6417585 | T9: =VLOOKUP(bcn!A9,'% bcn'!A:J,9,FALSE) -> 89.411664 | U9: =VLOOKUP(bcn!A9,'% bcn'!A:J,10,FALSE) -> 0.94657757 | V9: =+R9*S9/100 -> 3438.6368 | W9: =+R9*T9/100 -> 31887.776 | X9: =+R9*U9/100 -> 337.58743 | Y9: 932143 | Z9: =+W9+V9+P9+O9+J9+I9+H9+C9+B9 -> 910006.86 | AA9: 932143 | AB9: =+AA9-Z9 -> 22136.138 | AC9: =+V9+O9+H9 -> 251994.98 | AD9: =+W9+P9+I9 -> 347733.43 | AF9: 657871 | AG9: 238707 | AH9: 20727 | AI9: 4229 | AJ9: 3 | AK9: 2198 | AL9: =+SUM(AF9:AK9) -> 923735 | AM9: 188096 | AN9: 411171 | AO9: 43040 | AP9: 23498 | AQ9: 257930 | AS9: =+SUM(AM9:AQ9) -> 923735
A10: 2024 | B10: 39704 | C10: 265363 | D10: 487258 | E10: =VLOOKUP(A10,'% bcn'!A:B,2,FALSE) -> 47.277753 | F10: =VLOOKUP(A10,'% bcn'!A:D,3,FALSE) -> 51.118145 | G10: =VLOOKUP(A10,'% bcn'!A:D,4,FALSE) -> 1.6041019 | H10: =+D10*E10/100 -> 230364.63 | I10: =+D10*F10/100 -> 249077.25 | J10: =+D10*G10/100 -> 7816.1148 | K10: 54812 | L10: =VLOOKUP(A10,'% bcn'!A:J,5,FALSE) -> 9.6849869 | M10: =VLOOKUP(A10,'% bcn'!A:J,6,FALSE) -> 89.239435 | N10: =VLOOKUP(A10,'% bcn'!A:J,7,FALSE) -> 1.075578 | O10: =+K10*L10/100 -> 5308.535 | P10: =+K10*M10/100 -> 48913.919 | Q10: =K10*N10/100 -> 589.54579 | R10: 35245 | S10: =VLOOKUP(bcn!A10,'% bcn'!A:J,8,FALSE) -> 9.6849869 | T10: =VLOOKUP(bcn!A10,'% bcn'!A:J,9,FALSE) -> 89.239435 | U10: =VLOOKUP(bcn!A10,'% bcn'!A:J,10,FALSE) -> 1.075578 | V10: =+R10*S10/100 -> 3413.4736 | W10: =+R10*T10/100 -> 31452.439 | X10: =+R10*U10/100 -> 379.08745 | Y10: 904004 | Z10: =+W10+V10+P10+O10+J10+I10+H10+C10+B10 -> 881413.37 | AA10: 904004 | AB10: =+AA10-Z10 -> 22590.633 | AC10: =+V10+O10+H10 -> 239086.64 | AD10: =+W10+P10+I10 -> 329443.61 | AF10: 634726 | AG10: 230445 | AH10: 23299 | AI10: 5035 | AJ10: 2 | AK10: 2105 | AL10: =+SUM(AF10:AK10) -> 895612 | AM10: 174084 | AN10: 423896 | AO10: 52320 | AP10: 27413 | AQ10: 217899 | AS10: =+SUM(AM10:AQ10) -> 895612

Sheet % bcn
A1: Años | B1: pct_turismos_gasolina | C1: pct_turismos_diesel | D1: pct_turismos_otros | E1: pct_furgonetas_gasolina | F1: pct_furgonetas_diesel | G1: pct_furgonetas_otros | H1: pct_camiones_gasolina | I1: pct_camiones_diesel | J1: pct_camiones_otros
A2: 1990 | B2: 89.823419 | C2: 10.176581 | D2: 0
A3: 1991 | B3: 89.491389 | C3: 10.508611 | D3: 0
A4: 1992 | B4: 88.844557 | C4: 11.155443 | D4: 0
A5: 1993 | B5: 88.080511 | C5: 11.919489 | D5: 0
A6: 1994 | B6: 86.84815 | C6: 13.15185 | D6: 0
A7: 1995 | B7: 85.511621 | C7: 14.488379 | D7: 0
A8: 1996 | B8: 83.79163 | C8: 16.20837 | D8: 0
A9: 1997 | B9: 81.652044 | C9: 18.347956 | D9: 0
A10: 1998 | B10: 79.010374 | C10: 20.989626 | D10: 0
A11: 1999 | B11: 75.993805 | C11: 24.006195 | D11: 0
A12: 2000 | B12: 73.051747 | C12: 26.948253 | D12: 0
A13: 2001 | B13: 70.496499 | C13: 29.503501 | D13: 0
... A16: 2004 | B16: 61.586058 | C16: 38.413942 | D16: 0
A17: 2005 | B17: 58.347812 | C17: 41.652188 | D17: 0 | E17: 15.368346 | F17: 84.631654 | G17: 0 | H17: 15.368346 | I17: 84.631654 | J17: 0
A18: 2006 | B18: 55.420498 | C18: 44.556503 | D18: 0.022999579 | E18: 14.188626 | F18: 85.803778 | G18: 0.0075963437 | H18: 14.188626 | I18: 85.803778 | J18: 0.0075963437
A19: 2007 | B19: 52.850326 | C19: 47.129357 | D19: 0.020316933 | E19: 13.15138 | F19: 86.836851 | G19: 0.011769086 | H19: 13.15138 | I19: 86.836851 | J19: 0.011769086
A20: 2008 | B20: 51.227918 | C20: 48.753432 | D20: 0.018649502 | E20: 12.579265 | F20: 87.407696 | G20: 0.013038741 | H20: 12.579265 | I20: 87.407696 | J20: 0.013038741
A21: 2009 | B21: 49.585655 | C21: 50.397078 | D21: 0.017267508 | E21: 12.176946 | F21: 87.798931 | G21: 0.024122827 | H21: 12.176946 | I21: 87.798931 | J21: 0.024122827
A22: 2010 | B22: 48.208713 | C22: 51.774987 | D22: 0.016299841 | E22: 11.811234 | F22: 88.155106 | G22: 0.033660007 | H22: 11.811234 | I22: 88.155106 | J22: 0.033660007
A23: 2011 | B23: 47.178691 | C23: 52.803906 | D23: 0.01740341 | E23: 11.500869 | F23: 88.340905 | G23: 0.15822638 | H23: 11.500869 | I23: 88.340905 | J23: 0.15822638
A24: 2012 | B24: 46.320261 | C24: 53.657957 | D24: 0.021782195 | E24: 11.406594 | F24: 88.547084 | G24: 0.04632154 | H24: 11.406594 | I24: 88.547084 | J24: 0.04632154
A25: 2013 | B25: 45.205525 | C25: 54.764377 | D25: 0.030098248 | E25: 11.084755 | F25: 88.861617 | G25: 0.053628222 | H25: 11.084755 | I25: 88.861617 | J25: 0.053628222
A26: 2014 | B26: 44.012337 | C26: 55.951734 | D26: 0.035929076 | E26: 10.646073 | F26: 89.288156 | G26: 0.065771475 | H26: 10.646073 | I26: 89.288156 | J26: 0.065771475
A27: 2015 | B27: 43.289449 | C27: 56.653831 | D27: 0.056719699 | E27: 10.382895 | F27: 89.530432 | G27: 0.086673903 | H27: 10.382895 | I27: 89.530432 | J27: 0.086673903
A28: 2016 | B28: 42.927945 | C28: 56.99506 | D28: 0.076994933 | E28: 10.15391 | F28: 89.726754 | G28: 0.11933649 | H28: 10.15391 | I28: 89.726754 | J28: 0.11933649
... A36: 2024 | B36: 47.277753 | C36: 51.118145 | D36: 1.6041019 | E36: 9.6849869 | F36: 89.239435 | G36: 1.075578 | H36: 9.6849869 | I36: 89.239435 | J36: 1.075578
